{
  "type": "FeatureCollection",
  "name": "Unit Electoral Boundaries",
  "features": [
    {
      "type": "Feature",
      "properties": {
        "name": "Wood Buffalo",
        "description": "North",
        "Cluster ID": "Unit 43",
        "Milestone": "IPG",
        "Geographic Area": "108444.0",
        "General Population": "73160.0",
        "Children 0 to 11": "0.0",
        "Junior Youth 12 to 14": "0.0",
        "Youth 15 to 20": "2.0",
        "Adult Men": "11.0",
        "Adult Women": "9.0",
        "Total": "22.0"
      },
      "geometry": {
        "type": "Polygon",
        "coordinates": [
          [
            [
              -113.9799875,
              57.3216922
            ],
            [
              -112.7363747,
              57.2262818
            ],
            [
              -112.7144021,
              56.4328707
            ],
            [
              -112.5386208,
              56.1952266
            ],
            [
              -112.6649636,
              55.9161027
            ],
            [
              -112.6210183,
              55.7123952
            ],
            [
              -112.78032,
              55.6349545
            ],
            [
              -112.6979226,
              55.2892638
            ],
            [
              -112.0826882,
              55.2861357
            ],
            [
              -112.0497292,
              55.138836
            ],
            [
              -109.9842995,
              55.1042829
            ],
            [
              -109.9897927,
              60.0051491
            ],
            [
              -115.5839914,
              59.9945134
            ],
            [
              -115.5510324,
              59.4740259
            ],
            [
              -114.0239328,
              59.4851846
            ],
            [
              -113.9799875,
              57.3216922
            ]
          ]
        ]
      }
    },
    {
      "type": "Feature",
      "properties": {
        "name": "High Level/Mackenzie County",
        "description": "North",
        "Cluster ID": "Unit 42",
        "Milestone": "Pre-Milestone",
        "Geographic Area": "102109.0",
        "General Population": "28500.0",
        "Children 0 to 11": "0.0",
        "Junior Youth 12 to 14": "0.0",
        "Youth 15 to 20": "0.0",
        "Adult Men": "44.0",
        "Adult Women": "30.0",
        "Total": "74.0"
      },
      "geometry": {
        "type": "Polygon",
        "coordinates": [
          [
            [
              -115.5839914,
              59.9945134
            ],
            [
              -119.9785227,
              60.0054997
            ],
            [
              -120.022468,
              57.3987242
            ],
            [
              -113.9799875,
              57.3216922
            ],
            [
              -114.0019602,
              58.0673359
            ],
            [
              -114.0239328,
              59.4851846
            ],
            [
              -115.5510324,
              59.4740259
            ],
            [
              -115.5839914,
              59.9945134
            ]
          ]
        ]
      }
    },
    {
      "type": "Feature",
      "properties": {
        "name": "Peace",
        "description": "North",
        "Cluster ID": "Unit 42",
        "Milestone": "IPG",
        "Geographic Area": "273444.0",
        "General Population": "196241.0",
        "Children 0 to 11": "4.0",
        "Junior Youth 12 to 14": "0.0",
        "Youth 15 to 20": "1.0",
        "Adult Men": "26.0",
        "Adult Women": "29.0",
        "Total": "60.0"
      },
      "geometry": {
        "type": "Polygon",
        "coordinates": [
          [
            [
              -115.590444,
              54.9127446
            ],
            [
              -116.7508749,
              54.9143234
            ],
            [
              -116.7495016,
              55.0773912
            ],
            [
              -116.7852072,
              55.1072544
            ],
            [
              -116.9129233,
              55.104112
            ],
            [
              -116.9060568,
              55.3539468
            ],
            [
              -116.8634848,
              55.3547275
            ],
            [
              -116.8744711,
              55.702942
            ],
            [
              -117.1271567,
              55.7246032
            ],
            [
              -117.1106772,
              55.8604842
            ],
            [
              -115.797811,
              56.2835884
            ],
            [
              -115.8033041,
              56.7291934
            ],
            [
              -114.8859457,
              56.7261798
            ],
            [
              -114.8995,
              57.3521666
            ],
            [
              -120.022468,
              57.3987242
            ],
            [
              -121.9991811,
              57.4191043
            ],
            [
              -122.0431264,
              56.2563495
            ],
            [
              -121.9634755,
              56.0666989
            ],
            [
              -121.9360097,
              55.8976758
            ],
            [
              -121.6064198,
              55.8267742
            ],
            [
              -121.6228993,
              55.6690955
            ],
            [
              -121.4526112,
              55.3268306
            ],
            [
              -121.4086659,
              53.9310594
            ],
            [
              -119.4572882,
              53.9112214
            ],
            [
              -119.2444281,
              53.9984935
            ],
            [
              -118.6648993,
              54.0049509
            ],
            [
              -118.4506659,
              53.9273967
            ],
            [
              -118.0482916,
              54.0541551
            ],
            [
              -118.002973,
              54.0025295
            ],
            [
              -117.8752569,
              54.0017223
            ],
            [
              -117.5099615,
              54.1000802
            ],
            [
              -117.2119574,
              54.0662456
            ],
            [
              -116.8384222,
              54.1097422
            ],
            [
              -116.7271857,
              54.1467589
            ],
            [
              -116.6228155,
              54.1596265
            ],
            [
              -116.4072089,
              54.2158754
            ],
            [
              -115.5870108,
              54.5933577
            ],
            [
              -115.590444,
              54.9127446
            ]
          ]
        ]
      }
    },
    {
      "type": "Feature",
      "properties": {
        "name": "Lesser Slave Lake",
        "description": "North",
        "Cluster ID": "Unit 42",
        "Milestone": "Pre-Milestone",
        "Geographic Area": "64975.0",
        "General Population": "29911.0",
        "Children 0 to 11": "0.0",
        "Junior Youth 12 to 14": "0.0",
        "Youth 15 to 20": "0.0",
        "Adult Men": "10.0",
        "Adult Women": "6.0",
        "Total": "16.0"
      },
      "geometry": {
        "type": "Polygon",
        "coordinates": [
          [
            [
              -115.5871483,
              54.6574006
            ],
            [
              -114.9993529,
              54.6573992
            ],
            [
              -114.9993514,
              54.8476169
            ],
            [
              -114.3071809,
              54.844452
            ],
            [
              -114.3126761,
              54.647863
            ],
            [
              -113.7084006,
              54.6478611
            ],
            [
              -113.6699434,
              54.9707757
            ],
            [
              -113.3128713,
              54.9676212
            ],
            [
              -113.31287,
              55.084129
            ],
            [
              -113.0821466,
              55.0778392
            ],
            [
              -112.9997467,
              54.9581587
            ],
            [
              -112.818464,
              54.9518491
            ],
            [
              -112.6976086,
              54.9770781
            ],
            [
              -112.7525418,
              55.0558184
            ],
            [
              -112.8788903,
              55.0621114
            ],
            [
              -112.8624092,
              55.1406845
            ],
            [
              -112.6976049,
              55.2911116
            ],
            [
              -112.780002,
              55.6368026
            ],
            [
              -112.6206919,
              55.7142427
            ],
            [
              -112.6646368,
              55.9179504
            ],
            [
              -112.5382844,
              56.1970738
            ],
            [
              -112.7140712,
              56.4347186
            ],
            [
              -112.7360348,
              57.2281298
            ],
            [
              -113.9799875,
              57.3216922
            ],
            [
              -114.4394769,
              57.3394933
            ],
            [
              -114.8994467,
              57.3600651
            ],
            [
              -114.8857181,
              56.7280347
            ],
            [
              -115.8031217,
              56.7310504
            ],
            [
              -115.7976314,
              56.2854454
            ],
            [
              -117.1105633,
              55.8623435
            ],
            [
              -117.1270441,
              55.7264625
            ],
            [
              -116.8743466,
              55.7048009
            ],
            [
              -116.8633614,
              55.3565864
            ],
            [
              -116.9059354,
              55.3558058
            ],
            [
              -116.9128033,
              55.105971
            ],
            [
              -116.7850813,
              55.1091132
            ],
            [
              -116.7493742,
              55.07925
            ],
            [
              -116.7507483,
              54.9161822
            ],
            [
              -115.5902638,
              54.9146012
            ],
            [
              -115.5871483,
              54.6574006
            ]
          ]
        ]
      }
    },
    {
      "type": "Feature",
      "properties": {
        "name": "Lakeland",
        "description": "North",
        "Cluster ID": "Unit 43",
        "Milestone": "PG",
        "Geographic Area": "38332.0",
        "General Population": "77834.0",
        "Children 0 to 11": "0.0",
        "Junior Youth 12 to 14": "0.0",
        "Youth 15 to 20": "0.0",
        "Adult Men": "10.0",
        "Adult Women": "11.0",
        "Total": "21.0"
      },
      "geometry": {
        "type": "Polygon",
        "coordinates": [
          [
            [
              -112.0789325,
              54.9049601
            ],
            [
              -112.430495,
              54.9018017
            ],
            [
              -112.4140155,
              54.6387955
            ],
            [
              -112.4907235,
              54.6393504
            ],
            [
              -112.9193866,
              54.4188485
            ],
            [
              -112.9084003,
              54.3132373
            ],
            [
              -113.0292499,
              54.226626
            ],
            [
              -113.034743,
              54.0431816
            ],
            [
              -112.7660181,
              54.0490523
            ],
            [
              -112.5353052,
              53.979657
            ],
            [
              -112.4034693,
              53.9828873
            ],
            [
              -112.3732569,
              54.0006492
            ],
            [
              -112.2386744,
              54.0458272
            ],
            [
              -112.2235682,
              53.5086142
            ],
            [
              -111.1606409,
              53.5102476
            ],
            [
              -111.1551478,
              53.7456078
            ],
            [
              -110.9189417,
              53.8405191
            ],
            [
              -110.6360437,
              53.8453805
            ],
            [
              -110.5206873,
              53.7837604
            ],
            [
              -110.3833582,
              53.7691528
            ],
            [
              -110.0043299,
              53.7772688
            ],
            [
              -109.9842995,
              55.1042829
            ],
            [
              -112.0497292,
              55.138836
            ],
            [
              -112.0789325,
              54.9049601
            ]
          ]
        ]
      }
    },
    {
      "type": "Feature",
      "properties": {
        "name": "Northern Gates",
        "description": "North",
        "Cluster ID": "Unit 44",
        "Milestone": "IPG",
        "Geographic Area": "26600.0",
        "General Population": "160084.0",
        "Children 0 to 11": "7.0",
        "Junior Youth 12 to 14": "4.0",
        "Youth 15 to 20": "2.0",
        "Adult Men": "40.0",
        "Adult Women": "66.0",
        "Total": "119.0"
      },
      "geometry": {
        "type": "Polygon",
        "coordinates": [
          [
            [
              -112.0497292,
              55.138836
            ],
            [
              -112.0826882,
              55.2861357
            ],
            [
              -112.6979226,
              55.2892638
            ],
            [
              -112.8627175,
              55.138836
            ],
            [
              -112.879197,
              55.0602629
            ],
            [
              -112.7528542,
              55.0539704
            ],
            [
              -112.6979226,
              54.9752303
            ],
            [
              -112.8187722,
              54.9500008
            ],
            [
              -113.0000466,
              54.9563097
            ],
            [
              -113.0824441,
              55.0759899
            ],
            [
              -113.3131569,
              55.0822789
            ],
            [
              -113.3131569,
              54.9657711
            ],
            [
              -113.6702126,
              54.9689244
            ],
            [
              -113.7086648,
              54.6460097
            ],
            [
              -114.3129128,
              54.6460097
            ],
            [
              -114.3074196,
              54.8425987
            ],
            [
              -114.9995583,
              54.8457617
            ],
            [
              -114.9995583,
              54.655544
            ],
            [
              -115.5873269,
              54.655544
            ],
            [
              -115.5870108,
              54.5933577
            ],
            [
              -116.4072089,
              54.2158754
            ],
            [
              -116.4836857,
              54.1895863
            ],
            [
              -115.1372516,
              53.937818
            ],
            [
              -114.9848163,
              53.8937367
            ],
            [
              -114.9216449,
              53.8945459
            ],
            [
              -114.8577869,
              53.8840244
            ],
            [
              -114.8262012,
              53.8601389
            ],
            [
              -114.7987353,
              53.8548742
            ],
            [
              -114.7314441,
              53.8265141
            ],
            [
              -114.6744525,
              53.8184078
            ],
            [
              -114.5693957,
              53.7912399
            ],
            [
              -114.5199573,
              53.7912399
            ],
            [
              -114.3915546,
              53.7372576
            ],
            [
              -114.2755115,
              53.7128819
            ],
            [
              -114.1471088,
              53.7181645
            ],
            [
              -114.1093433,
              53.735633
            ],
            [
              -114.0612781,
              53.735633
            ],
            [
              -113.9637744,
              53.7132883
            ],
            [
              -113.6725276,
              53.5870788
            ],
            [
              -113.518719,
              53.6571267
            ],
            [
              -113.4966089,
              53.6537374
            ],
            [
              -113.5021021,
              53.7106719
            ],
            [
              -113.3203876,
              53.7149138
            ],
            [
              -113.3286273,
              53.9220511
            ],
            [
              -113.3039081,
              53.9430723
            ],
            [
              -113.1446063,
              53.9527709
            ],
            [
              -113.1555926,
              54.0076865
            ],
            [
              -113.034743,
              54.0431816
            ],
            [
              -113.0292499,
              54.226626
            ],
            [
              -112.9084003,
              54.3132373
            ],
            [
              -112.9193866,
              54.4188485
            ],
            [
              -112.5073993,
              54.6419744
            ],
            [
              -112.4140155,
              54.6387955
            ],
            [
              -112.430495,
              54.9018017
            ],
            [
              -112.0789325,
              54.9049601
            ],
            [
              -112.0497292,
              55.138836
            ]
          ]
        ]
      }
    },
    {
      "type": "Feature",
      "properties": {
        "name": "Yellowhead",
        "description": "North",
        "Cluster ID": "Unit 45",
        "Milestone": "PG",
        "Geographic Area": "38818.0",
        "General Population": "138724.0",
        "Children 0 to 11": "1.0",
        "Junior Youth 12 to 14": "1.0",
        "Youth 15 to 20": "3.0",
        "Adult Men": "30.0",
        "Adult Women": "51.0",
        "Total": "86.0"
      },
      "geometry": {
        "type": "Polygon",
        "coordinates": [
          [
            [
              -113.6725276,
              53.5870788
            ],
            [
              -113.9637744,
              53.7132883
            ],
            [
              -114.0612781,
              53.735633
            ],
            [
              -114.1093433,
              53.735633
            ],
            [
              -114.1471088,
              53.7181645
            ],
            [
              -114.2755115,
              53.7128819
            ],
            [
              -114.3915546,
              53.7372576
            ],
            [
              -114.5199573,
              53.7912399
            ],
            [
              -114.5693957,
              53.7912399
            ],
            [
              -114.6744525,
              53.8184078
            ],
            [
              -114.7314441,
              53.8265141
            ],
            [
              -114.7987353,
              53.8548742
            ],
            [
              -114.8262012,
              53.8601389
            ],
            [
              -114.8577869,
              53.8840244
            ],
            [
              -114.9216449,
              53.8945459
            ],
            [
              -114.9848163,
              53.8937367
            ],
            [
              -115.1738189,
              53.9436192
            ],
            [
              -116.4836857,
              54.1895863
            ],
            [
              -116.6228155,
              54.1596265
            ],
            [
              -116.7271857,
              54.1467589
            ],
            [
              -116.8384222,
              54.1097422
            ],
            [
              -117.2119574,
              54.0662456
            ],
            [
              -117.5099615,
              54.1000802
            ],
            [
              -117.8752569,
              54.0017223
            ],
            [
              -118.002973,
              54.0025295
            ],
            [
              -118.0482916,
              54.0541551
            ],
            [
              -118.4506659,
              53.9273967
            ],
            [
              -118.6648993,
              54.0049509
            ],
            [
              -119.2444281,
              53.9984935
            ],
            [
              -119.4572882,
              53.9112214
            ],
            [
              -120.0078033,
              53.9209808
            ],
            [
              -119.996817,
              53.8108484
            ],
            [
              -119.8814605,
              53.7784013
            ],
            [
              -119.9144195,
              53.7199333
            ],
            [
              -119.7935699,
              53.7004258
            ],
            [
              -119.7276519,
              53.6288212
            ],
            [
              -119.7331451,
              53.5897128
            ],
            [
              -119.9254058,
              53.6157891
            ],
            [
              -119.9034332,
              53.5440405
            ],
            [
              -119.8759673,
              53.5081206
            ],
            [
              -119.8100494,
              53.4950513
            ],
            [
              -119.7386382,
              53.3903514
            ],
            [
              -119.6177886,
              53.3674139
            ],
            [
              -119.3980621,
              53.3674139
            ],
            [
              -119.2497466,
              53.1768847
            ],
            [
              -119.128897,
              53.1867604
            ],
            [
              -119.0300201,
              53.1142852
            ],
            [
              -119.0245269,
              53.2361053
            ],
            [
              -118.9311431,
              53.2393929
            ],
            [
              -118.7443756,
              53.1175821
            ],
            [
              -118.7773345,
              53.0515944
            ],
            [
              -118.6674713,
              53.0317783
            ],
            [
              -118.6070465,
              52.8828674
            ],
            [
              -118.4861968,
              52.909378
            ],
            [
              -118.4642242,
              52.8729218
            ],
            [
              -118.3873199,
              52.846389
            ],
            [
              -118.4037994,
              52.77334
            ],
            [
              -118.2774566,
              52.6735299
            ],
            [
              -118.3598541,
              52.6302079
            ],
            [
              -118.189566,
              52.4832608
            ],
            [
              -118.2390045,
              52.4497951
            ],
            [
              -118.2115386,
              52.3727274
            ],
            [
              -118.0522369,
              52.4062516
            ],
            [
              -117.9973052,
              52.486606
            ],
            [
              -117.8929351,
              52.4230042
            ],
            [
              -117.7610992,
              52.4230042
            ],
            [
              -117.6841949,
              52.3626651
            ],
            [
              -117.8434966,
              52.2720018
            ],
            [
              -117.8160308,
              52.221553
            ],
            [
              -117.7391265,
              52.1946235
            ],
            [
              -117.6656355,
              52.1977437
            ],
            [
              -117.6093306,
              52.1438395
            ],
            [
              -117.5269331,
              52.1640612
            ],
            [
              -117.5008406,
              52.1446823
            ],
            [
              -117.3813643,
              52.1370969
            ],
            [
              -117.3319258,
              52.1514237
            ],
            [
              -117.3305525,
              52.1935348
            ],
            [
              -117.3181929,
              52.1969019
            ],
            [
              -117.3113264,
              52.1649036
            ],
            [
              -117.2083296,
              52.208685
            ],
            [
              -117.1231856,
              52.2524233
            ],
            [
              -117.064134,
              52.322147
            ],
            [
              -117.2316755,
              52.4453646
            ],
            [
              -117.1602644,
              52.4838518
            ],
            [
              -116.9611372,
              52.4135454
            ],
            [
              -116.8622603,
              52.4746514
            ],
            [
              -116.8842329,
              52.5281541
            ],
            [
              -116.8622603,
              52.5882669
            ],
            [
              -116.8347944,
              52.6882718
            ],
            [
              -116.785356,
              52.7814036
            ],
            [
              -116.4777388,
              52.7946919
            ],
            [
              -116.4887251,
              52.8610725
            ],
            [
              -115.89821,
              52.8610725
            ],
            [
              -115.8185591,
              52.9157602
            ],
            [
              -115.5754866,
              52.9149321
            ],
            [
              -115.495602,
              52.8504802
            ],
            [
              -115.3829922,
              52.8513095
            ],
            [
              -115.3225674,
              52.8761817
            ],
            [
              -115.34454,
              52.9225716
            ],
            [
              -115.367886,
              52.9366444
            ],
            [
              -115.3459133,
              52.9953698
            ],
            [
              -115.3761257,
              53.0919686
            ],
            [
              -114.3247034,
              53.1059216
            ],
            [
              -114.3236517,
              53.1488354
            ],
            [
              -114.4646566,
              53.1479828
            ],
            [
              -114.4693219,
              53.1900759
            ],
            [
              -114.6611719,
              53.1864086
            ],
            [
              -114.7984888,
              53.2185158
            ],
            [
              -114.8076771,
              53.3319022
            ],
            [
              -114.7178416,
              53.3689909
            ],
            [
              -114.6348899,
              53.3896876
            ],
            [
              -114.5641291,
              53.395941
            ],
            [
              -114.5701734,
              53.4382388
            ],
            [
              -114.4441797,
              53.4432279
            ],
            [
              -114.2656519,
              53.4350476
            ],
            [
              -114.2656519,
              53.3761024
            ],
            [
              -114.0706446,
              53.3580751
            ],
            [
              -114.0294458,
              53.3285594
            ],
            [
              -113.7795069,
              53.3580751
            ],
            [
              -113.6174585,
              53.4530423
            ],
            [
              -113.6670344,
              53.473616
            ],
            [
              -113.6725276,
              53.5870788
            ]
          ]
        ]
      }
    },
    {
      "type": "Feature",
      "properties": {
        "name": "Maskwacis",
        "description": "North",
        "Cluster ID": "Unit 46",
        "Milestone": "Pre-Milestone",
        "Geographic Area": "321.0",
        "General Population": "8105.0",
        "Children 0 to 11": "0.0",
        "Junior Youth 12 to 14": "0.0",
        "Youth 15 to 20": "0.0",
        "Adult Men": "0.0",
        "Adult Women": "7.0",
        "Total": "7.0"
      },
      "geometry": {
        "type": "Polygon",
        "coordinates": [
          [
            [
              -113.4134624,
              52.843732
            ],
            [
              -113.4134624,
              52.9315653
            ],
            [
              -113.501353,
              52.9323931
            ],
            [
              -113.5006663,
              52.9013409
            ],
            [
              -113.522639,
              52.9017551
            ],
            [
              -113.5212657,
              52.9104518
            ],
            [
              -113.5425517,
              52.9034117
            ],
            [
              -113.5617778,
              52.9083813
            ],
            [
              -113.5693309,
              52.9050683
            ],
            [
              -113.5803172,
              52.9075531
            ],
            [
              -113.6112163,
              52.9075531
            ],
            [
              -113.6276958,
              52.9121082
            ],
            [
              -113.6331889,
              52.9125222
            ],
            [
              -113.6318156,
              52.843732
            ],
            [
              -113.5487315,
              52.8433173
            ],
            [
              -113.5480449,
              52.8279695
            ],
            [
              -113.5260722,
              52.8275546
            ],
            [
              -113.5260722,
              52.8205011
            ],
            [
              -113.5116527,
              52.8200861
            ],
            [
              -113.510966,
              52.8113712
            ],
            [
              -113.4773204,
              52.8113712
            ],
            [
              -113.4738872,
              52.8246504
            ],
            [
              -113.456721,
              52.8246504
            ],
            [
              -113.4580943,
              52.8205011
            ],
            [
              -113.501353,
              52.7781556
            ],
            [
              -113.4855601,
              52.7777402
            ],
            [
              -113.4889934,
              52.7187195
            ],
            [
              -113.4622142,
              52.7199672
            ],
            [
              -113.4629008,
              52.7112323
            ],
            [
              -113.3880565,
              52.7104003
            ],
            [
              -113.3894298,
              52.740342
            ],
            [
              -113.3612773,
              52.7407577
            ],
            [
              -113.3413646,
              52.7415891
            ],
            [
              -113.3351848,
              52.7370161
            ],
            [
              -113.3090922,
              52.7374319
            ],
            [
              -113.2781932,
              52.7295321
            ],
            [
              -113.2548473,
              52.7320269
            ],
            [
              -113.2280681,
              52.7395105
            ],
            [
              -113.251414,
              52.7474086
            ],
            [
              -113.2493541,
              52.7611228
            ],
            [
              -113.2932994,
              52.775248
            ],
            [
              -113.3063457,
              52.785216
            ],
            [
              -113.3001659,
              52.7964273
            ],
            [
              -113.2953593,
              52.8138614
            ],
            [
              -113.3029124,
              52.8238205
            ],
            [
              -113.3015391,
              52.8308736
            ],
            [
              -113.2926128,
              52.8317032
            ],
            [
              -113.2926128,
              52.8449762
            ],
            [
              -113.4134624,
              52.843732
            ]
          ]
        ]
      }
    },
    {
      "type": "Feature",
      "properties": {
        "name": "Stoney Nakoda",
        "description": "South",
        "Cluster ID": "Unit 47",
        "Milestone": "PG",
        "Geographic Area": "487.0",
        "General Population": "4215.0",
        "Children 0 to 11": "0.0",
        "Junior Youth 12 to 14": "0.0",
        "Youth 15 to 20": "0.0",
        "Adult Men": "6.0",
        "Adult Women": "12.0",
        "Total": "18.0"
      },
      "geometry": {
        "type": "Polygon",
        "coordinates": [
          [
            [
              -114.8448946,
              51.1103691
            ],
            [
              -114.8152506,
              51.1196643
            ],
            [
              -114.6653118,
              51.1659827
            ],
            [
              -114.6687554,
              51.1689112
            ],
            [
              -114.6413822,
              51.1685323
            ],
            [
              -114.6409635,
              51.1618
            ],
            [
              -114.6294844,
              51.1616816
            ],
            [
              -114.6295251,
              51.1689794
            ],
            [
              -114.6179493,
              51.1690532
            ],
            [
              -114.6177022,
              51.1757999
            ],
            [
              -114.6048476,
              51.1757311
            ],
            [
              -114.6056392,
              51.1688792
            ],
            [
              -114.559914,
              51.1689112
            ],
            [
              -114.560429,
              51.183441
            ],
            [
              -114.5135618,
              51.1838713
            ],
            [
              -114.5144201,
              51.1929107
            ],
            [
              -114.5271135,
              51.1975374
            ],
            [
              -114.5600767,
              51.1981298
            ],
            [
              -114.5593993,
              51.2122725
            ],
            [
              -114.5827685,
              51.2123512
            ],
            [
              -114.5827775,
              51.2145354
            ],
            [
              -114.5946279,
              51.2144443
            ],
            [
              -114.6032982,
              51.2110628
            ],
            [
              -114.6146688,
              51.2123818
            ],
            [
              -114.6510807,
              51.2121789
            ],
            [
              -114.6516014,
              51.2056207
            ],
            [
              -114.6640484,
              51.2051382
            ],
            [
              -114.6642627,
              51.212962
            ],
            [
              -114.6757004,
              51.2123563
            ],
            [
              -114.6748948,
              51.1980714
            ],
            [
              -114.6875374,
              51.1975982
            ],
            [
              -114.6874761,
              51.1913157
            ],
            [
              -114.6991902,
              51.2067211
            ],
            [
              -114.6975157,
              51.2080373
            ],
            [
              -114.6993171,
              51.2113157
            ],
            [
              -114.7025775,
              51.2099138
            ],
            [
              -114.7042922,
              51.2116272
            ],
            [
              -114.7370816,
              51.2108734
            ],
            [
              -114.7551076,
              51.2265727
            ],
            [
              -114.7822322,
              51.2272176
            ],
            [
              -114.7714165,
              51.2072167
            ],
            [
              -114.7868673,
              51.1986116
            ],
            [
              -114.8048928,
              51.2273248
            ],
            [
              -114.8096999,
              51.2265721
            ],
            [
              -114.7928762,
              51.1972131
            ],
            [
              -114.8275116,
              51.1883655
            ],
            [
              -114.8405149,
              51.1926406
            ],
            [
              -114.8443602,
              51.194283
            ],
            [
              -114.8444805,
              51.1950503
            ],
            [
              -114.847459,
              51.1962407
            ],
            [
              -114.8499224,
              51.195925
            ],
            [
              -114.8502923,
              51.1967872
            ],
            [
              -114.851679,
              51.1979713
            ],
            [
              -114.8507416,
              51.1986171
            ],
            [
              -114.8510454,
              51.1993703
            ],
            [
              -114.852399,
              51.1998545
            ],
            [
              -114.8526466,
              51.2010646
            ],
            [
              -114.8543155,
              51.2020999
            ],
            [
              -114.8569285,
              51.2027586
            ],
            [
              -114.8572936,
              51.2037871
            ],
            [
              -114.8556206,
              51.2042309
            ],
            [
              -114.8560511,
              51.2051186
            ],
            [
              -114.89966,
              51.2242063
            ],
            [
              -114.9783661,
              51.1993701
            ],
            [
              -114.9787967,
              51.2671866
            ],
            [
              -114.9839825,
              51.2676158
            ],
            [
              -114.9974075,
              51.2643923
            ],
            [
              -115.0012194,
              51.2679349
            ],
            [
              -115.0153316,
              51.2671805
            ],
            [
              -115.0248401,
              51.2513829
            ],
            [
              -115.0357172,
              51.2458985
            ],
            [
              -115.0497008,
              51.2392125
            ],
            [
              -115.0542875,
              51.2410268
            ],
            [
              -115.0599043,
              51.2411214
            ],
            [
              -115.0677041,
              51.2370112
            ],
            [
              -115.0743746,
              51.2371722
            ],
            [
              -115.0810449,
              51.2351832
            ],
            [
              -115.0915877,
              51.2373258
            ],
            [
              -115.1000842,
              51.2365699
            ],
            [
              -115.1082369,
              51.2349535
            ],
            [
              -115.1137351,
              51.2325875
            ],
            [
              -115.117256,
              51.1607237
            ],
            [
              -115.1145949,
              51.1616853
            ],
            [
              -115.1079,
              51.1621019
            ],
            [
              -115.0969142,
              51.1605675
            ],
            [
              -115.0886762,
              51.1564227
            ],
            [
              -115.089468,
              51.1553464
            ],
            [
              -115.0943769,
              51.1520064
            ],
            [
              -115.1004161,
              51.1485557
            ],
            [
              -115.1024051,
              51.1455416
            ],
            [
              -115.0736703,
              51.1125697
            ],
            [
              -115.0617646,
              51.0974752
            ],
            [
              -115.0465373,
              51.1047923
            ],
            [
              -115.0541877,
              51.1114489
            ],
            [
              -115.0217628,
              51.1283102
            ],
            [
              -115.0094472,
              51.1200082
            ],
            [
              -115.0617189,
              51.0939276
            ],
            [
              -115.0570802,
              51.0914485
            ],
            [
              -115.0590525,
              51.0888625
            ],
            [
              -115.0576358,
              51.0859523
            ],
            [
              -115.0517782,
              51.0855753
            ],
            [
              -115.0505661,
              51.0847395
            ],
            [
              -115.0472136,
              51.0844293
            ],
            [
              -115.0448508,
              51.0857837
            ],
            [
              -115.0462441,
              51.0873233
            ],
            [
              -115.0455673,
              51.088848
            ],
            [
              -115.0426538,
              51.0886398
            ],
            [
              -115.0391372,
              51.0849772
            ],
            [
              -115.0356627,
              51.0840085
            ],
            [
              -115.0315017,
              51.0812057
            ],
            [
              -115.0282811,
              51.0805044
            ],
            [
              -115.0242678,
              51.0792909
            ],
            [
              -115.0224332,
              51.0768506
            ],
            [
              -115.0228895,
              51.0737969
            ],
            [
              -115.0289544,
              51.0714072
            ],
            [
              -115.0240906,
              51.0694575
            ],
            [
              -115.0141058,
              51.0676195
            ],
            [
              -115.0125326,
              51.0651334
            ],
            [
              -115.0133025,
              51.0625181
            ],
            [
              -115.0131725,
              51.0600237
            ],
            [
              -115.011326,
              51.0577451
            ],
            [
              -114.9782817,
              51.0684798
            ],
            [
              -114.978012,
              51.0604365
            ],
            [
              -114.9622937,
              51.0600528
            ],
            [
              -114.953688,
              51.0643552
            ],
            [
              -114.94403,
              51.0648677
            ],
            [
              -114.9219593,
              51.0779378
            ],
            [
              -114.8771473,
              51.0798534
            ],
            [
              -114.8457354,
              51.0778038
            ],
            [
              -114.8366522,
              51.0599599
            ],
            [
              -114.8110879,
              51.0541945
            ],
            [
              -114.7960731,
              51.0513097
            ],
            [
              -114.7797728,
              51.0506904
            ],
            [
              -114.7664049,
              51.0579233
            ],
            [
              -114.7313638,
              51.046051
            ],
            [
              -114.7226768,
              51.05252
            ],
            [
              -114.7229243,
              51.0666387
            ],
            [
              -114.7922679,
              51.0666281
            ],
            [
              -114.7912199,
              51.0943235
            ],
            [
              -114.8145357,
              51.094609
            ],
            [
              -114.8140394,
              51.110532
            ],
            [
              -114.8448946,
              51.1103691
            ]
          ]
        ]
      }
    },
    {
      "type": "Feature",
      "properties": {
        "name": "Black Gold / Elk Island",
        "description": "North",
        "Cluster ID": "Unit 43",
        "Milestone": "IPG",
        "Geographic Area": "7500.0",
        "General Population": "140000.0",
        "Children 0 to 11": "5.0",
        "Junior Youth 12 to 14": "0.0",
        "Youth 15 to 20": "5.0",
        "Adult Men": "33.0",
        "Adult Women": "40.0",
        "Total": "83.0"
      },
      "geometry": {
        "type": "Polygon",
        "coordinates": [
          [
            [
              -112.2304346,
              53.5445337
            ],
            [
              -112.2386744,
              54.0458272
            ],
            [
              -112.3732569,
              54.0006492
            ],
            [
              -112.4034693,
              53.9828873
            ],
            [
              -112.5353052,
              53.979657
            ],
            [
              -112.7660181,
              54.0490523
            ],
            [
              -113.034743,
              54.0431816
            ],
            [
              -113.1555926,
              54.0076865
            ],
            [
              -113.1446063,
              53.9527709
            ],
            [
              -113.3039081,
              53.9430723
            ],
            [
              -113.3286273,
              53.9220511
            ],
            [
              -113.3203876,
              53.7149138
            ],
            [
              -113.5021021,
              53.7106719
            ],
            [
              -113.4966089,
              53.6537374
            ],
            [
              -113.3910029,
              53.641661
            ],
            [
              -113.3290674,
              53.5869448
            ],
            [
              -113.3292048,
              53.4621712
            ],
            [
              -113.4157221,
              53.4008074
            ],
            [
              -113.5324519,
              53.3975322
            ],
            [
              -113.6174585,
              53.4530423
            ],
            [
              -113.7795069,
              53.3580751
            ],
            [
              -114.0294458,
              53.3285594
            ],
            [
              -114.0706446,
              53.3580751
            ],
            [
              -114.2656519,
              53.3761024
            ],
            [
              -114.2656519,
              53.4350476
            ],
            [
              -114.4441797,
              53.4432279
            ],
            [
              -114.5701734,
              53.4382388
            ],
            [
              -114.5641291,
              53.395941
            ],
            [
              -114.6348899,
              53.3896876
            ],
            [
              -114.7178416,
              53.3689909
            ],
            [
              -114.8076771,
              53.3319022
            ],
            [
              -114.7984888,
              53.2185158
            ],
            [
              -114.6611719,
              53.1864086
            ],
            [
              -114.4693219,
              53.1900759
            ],
            [
              -114.4646566,
              53.1479828
            ],
            [
              -114.3236517,
              53.1488354
            ],
            [
              -114.3247034,
              53.1059216
            ],
            [
              -114.2917207,
              53.109033
            ],
            [
              -114.2464258,
              53.1081887
            ],
            [
              -114.2175792,
              53.0941941
            ],
            [
              -114.1887402,
              53.0966842
            ],
            [
              -114.0541651,
              53.101593
            ],
            [
              -113.9937403,
              53.0900482
            ],
            [
              -113.9058527,
              53.0867756
            ],
            [
              -113.8536646,
              53.0916976
            ],
            [
              -113.8152125,
              53.101593
            ],
            [
              -113.0901148,
              53.099944
            ],
            [
              -112.7165796,
              53.3924843
            ],
            [
              -112.6918604,
              53.5641134
            ],
            [
              -112.4309351,
              53.5690069
            ],
            [
              -112.4089625,
              53.3842941
            ],
            [
              -112.2139551,
              53.3826559
            ],
            [
              -112.2304346,
              53.5445337
            ]
          ]
        ]
      }
    },
    {
      "type": "Feature",
      "properties": {
        "name": "Camrose - Lloyd",
        "description": "North",
        "Cluster ID": "Unit 46",
        "Milestone": "PG",
        "Geographic Area": "34867.0",
        "General Population": "121828.0",
        "Children 0 to 11": "1.0",
        "Junior Youth 12 to 14": "0.0",
        "Youth 15 to 20": "0.0",
        "Adult Men": "8.0",
        "Adult Women": "12.0",
        "Total": "21.0"
      },
      "geometry": {
        "type": "Polygon",
        "coordinates": [
          [
            [
              -113.0901148,
              53.099944
            ],
            [
              -113.0736353,
              52.4235104
            ],
            [
              -112.8758814,
              52.4134597
            ],
            [
              -112.7220728,
              52.5506206
            ],
            [
              -112.562771,
              52.6140381
            ],
            [
              -112.2112085,
              52.6040309
            ],
            [
              -112.2112085,
              52.0973771
            ],
            [
              -112.0848658,
              51.8028228
            ],
            [
              -110.8104517,
              51.7518419
            ],
            [
              -110.7994654,
              51.5507579
            ],
            [
              -110.0132279,
              51.5693458
            ],
            [
              -110.0043299,
              53.7772688
            ],
            [
              -110.3833582,
              53.7691528
            ],
            [
              -110.5206873,
              53.7837604
            ],
            [
              -110.6360437,
              53.8453805
            ],
            [
              -110.9189417,
              53.8405191
            ],
            [
              -111.1551478,
              53.7456078
            ],
            [
              -111.1606409,
              53.5102476
            ],
            [
              -112.2235682,
              53.5086142
            ],
            [
              -112.2139551,
              53.3826559
            ],
            [
              -112.4089625,
              53.3842941
            ],
            [
              -112.4309351,
              53.5690069
            ],
            [
              -112.6918604,
              53.5641134
            ],
            [
              -112.7165796,
              53.3924843
            ],
            [
              -113.0901148,
              53.099944
            ]
          ]
        ]
      }
    },
    {
      "type": "Feature",
      "properties": {
        "name": "Wheatland",
        "description": "South",
        "Cluster ID": "Unit 46",
        "Milestone": "PG",
        "Geographic Area": "26130.0",
        "General Population": "55872.0",
        "Children 0 to 11": "0.0",
        "Junior Youth 12 to 14": "0.0",
        "Youth 15 to 20": "0.0",
        "Adult Men": "12.0",
        "Adult Women": "13.0",
        "Total": "25.0"
      },
      "geometry": {
        "type": "Polygon",
        "coordinates": [
          [
            [
              -110.0038094,
              50.8373793
            ],
            [
              -110.0133668,
              51.5660371
            ],
            [
              -110.7994654,
              51.5507579
            ],
            [
              -110.8104517,
              51.7518419
            ],
            [
              -112.0848658,
              51.8028228
            ],
            [
              -112.7168033,
              51.8018739
            ],
            [
              -112.7264164,
              51.8544948
            ],
            [
              -112.9681155,
              51.8511018
            ],
            [
              -113.0601261,
              51.8273433
            ],
            [
              -113.2331607,
              51.8264946
            ],
            [
              -113.2356445,
              51.5076043
            ],
            [
              -113.068103,
              51.499056
            ],
            [
              -113.0735962,
              51.3037191
            ],
            [
              -113.252124,
              51.3037191
            ],
            [
              -113.5927002,
              51.0618263
            ],
            [
              -113.5940735,
              50.8151924
            ],
            [
              -113.5317384,
              50.7964522
            ],
            [
              -113.4328615,
              50.8276907
            ],
            [
              -113.3202516,
              50.8242208
            ],
            [
              -113.2048952,
              50.709569
            ],
            [
              -112.9274904,
              50.6138111
            ],
            [
              -112.8286134,
              50.6782516
            ],
            [
              -112.5198745,
              50.6939368
            ],
            [
              -112.9071426,
              50.7061142
            ],
            [
              -112.9126358,
              50.6556443
            ],
            [
              -112.9428482,
              50.6521616
            ],
            [
              -112.9401016,
              50.7095929
            ],
            [
              -113.0911636,
              50.7634795
            ],
            [
              -113.1818008,
              50.7600048
            ],
            [
              -113.2477188,
              50.8242446
            ],
            [
              -113.305397,
              50.8398572
            ],
            [
              -113.2751846,
              50.9507293
            ],
            [
              -113.1845474,
              50.923036
            ],
            [
              -113.1296157,
              50.8797323
            ],
            [
              -113.0774307,
              50.8814652
            ],
            [
              -113.0499649,
              50.8571984
            ],
            [
              -112.9181289,
              50.8537307
            ],
            [
              -112.7972793,
              50.8016839
            ],
            [
              -112.6308595,
              50.8103386
            ],
            [
              -112.6253664,
              51.0215944
            ],
            [
              -112.1474611,
              51.0250496
            ],
            [
              -112.1419679,
              51.1492662
            ],
            [
              -112.0540773,
              51.1527119
            ],
            [
              -111.8673653,
              51.1528584
            ],
            [
              -111.8289131,
              51.2698588
            ],
            [
              -111.5377754,
              51.1941866
            ],
            [
              -111.5103096,
              51.0424688
            ],
            [
              -111.2631172,
              50.8659902
            ],
            [
              -110.988459,
              50.831308
            ],
            [
              -110.8950752,
              50.8330427
            ],
            [
              -110.8731026,
              50.8243685
            ],
            [
              -110.6973213,
              50.8052794
            ],
            [
              -110.5517525,
              50.797468
            ],
            [
              -110.4569954,
              50.8148249
            ],
            [
              -110.3361458,
              50.858189
            ],
            [
              -110.1177925,
              50.8616564
            ],
            [
              -110.1150459,
              50.8122218
            ],
            [
              -110.0601143,
              50.7488343
            ],
            [
              -110.0834603,
              50.8018078
            ],
            [
              -110.0038094,
              50.8373793
            ]
          ]
        ]
      }
    },
    {
      "type": "Feature",
      "properties": {
        "name": "Siksika",
        "description": "Cluster ID: Unit 46<br>description: <br>Milestone: Indigenous<br>Geographic Area: 467<br>General Population: 7800<br>Children 0 to 11: 0<br>Junior Youth 12 to 14: 0<br>Youth 15 to 20: 0<br>Adult Men: 4<br>Adult Women: 6<br>Total: 10",
        "Cluster ID": "Unit 46",
        "Milestone": "Indigenous",
        "Geographic Area": "467.0",
        "General Population": "7800.0",
        "Children 0 to 11": "0.0",
        "Junior Youth 12 to 14": "0.0",
        "Youth 15 to 20": "0.0",
        "Adult Men": "4.0",
        "Adult Women": "6.0",
        "Total": "10.0"
      },
      "geometry": {
        "type": "Polygon",
        "coordinates": [
          [
            [
              -113.2751846,
              50.9507293
            ],
            [
              -113.305397,
              50.8398572
            ],
            [
              -113.2477188,
              50.8242446
            ],
            [
              -113.1818008,
              50.7600048
            ],
            [
              -113.0911636,
              50.7634795
            ],
            [
              -112.9401016,
              50.7095929
            ],
            [
              -112.9428482,
              50.6521616
            ],
            [
              -112.9126358,
              50.6556443
            ],
            [
              -112.9071426,
              50.7061142
            ],
            [
              -112.5198745,
              50.6939368
            ],
            [
              -112.5198745,
              50.7113321
            ],
            [
              -112.5555801,
              50.7408894
            ],
            [
              -112.4979019,
              50.7443655
            ],
            [
              -112.4951553,
              50.7912676
            ],
            [
              -112.5995254,
              50.8086268
            ],
            [
              -112.7972793,
              50.8016839
            ],
            [
              -112.8302383,
              50.817304
            ],
            [
              -112.9181289,
              50.8537307
            ],
            [
              -113.0499649,
              50.8571984
            ],
            [
              -113.0774307,
              50.8814652
            ],
            [
              -113.1296157,
              50.8797323
            ],
            [
              -113.1845474,
              50.923036
            ],
            [
              -113.2751846,
              50.9507293
            ]
          ]
        ]
      }
    },
    {
      "type": "Feature",
      "properties": {
        "name": "Central Alberta",
        "description": "South",
        "Cluster ID": "Unit 46",
        "Milestone": "IPG",
        "Geographic Area": "35358.0",
        "General Population": "264260.0",
        "Children 0 to 11": "1.0",
        "Junior Youth 12 to 14": "2.0",
        "Youth 15 to 20": "3.0",
        "Adult Men": "24.0",
        "Adult Women": "33.0",
        "Total": "63.0"
      },
      "geometry": {
        "type": "Polygon",
        "coordinates": [
          [
            [
              -116.9611372,
              52.4135454
            ],
            [
              -116.7789981,
              52.2648475
            ],
            [
              -116.5318058,
              52.1840889
            ],
            [
              -116.4658878,
              52.109931
            ],
            [
              -116.3834903,
              51.9070542
            ],
            [
              -116.3340519,
              51.7984769
            ],
            [
              -116.0868595,
              51.9036651
            ],
            [
              -115.9440372,
              51.8663684
            ],
            [
              -115.9110782,
              51.7916822
            ],
            [
              -115.6638858,
              51.6828264
            ],
            [
              -114.9717472,
              51.6828264
            ],
            [
              -115.0541446,
              51.761093
            ],
            [
              -115.1090763,
              51.873152
            ],
            [
              -114.9827335,
              51.9002758
            ],
            [
              -113.2331607,
              51.8884111
            ],
            [
              -113.2331607,
              51.8264946
            ],
            [
              -113.1988285,
              51.8264946
            ],
            [
              -113.0601261,
              51.8273433
            ],
            [
              -112.9681155,
              51.8511018
            ],
            [
              -112.7264164,
              51.8544948
            ],
            [
              -112.7168033,
              51.8018739
            ],
            [
              -112.0848658,
              51.8028228
            ],
            [
              -112.1482608,
              51.969706
            ],
            [
              -112.2112085,
              52.0973771
            ],
            [
              -112.2112085,
              52.6040309
            ],
            [
              -112.562771,
              52.6140381
            ],
            [
              -112.7220728,
              52.5506206
            ],
            [
              -112.8758814,
              52.4134597
            ],
            [
              -113.0736353,
              52.4235104
            ],
            [
              -113.0901148,
              53.099944
            ],
            [
              -113.8152125,
              53.101593
            ],
            [
              -113.9058527,
              53.0867756
            ],
            [
              -113.9937403,
              53.0900482
            ],
            [
              -114.0541651,
              53.101593
            ],
            [
              -114.2175792,
              53.0941941
            ],
            [
              -114.2464258,
              53.1081887
            ],
            [
              -114.3247034,
              53.1059216
            ],
            [
              -115.3761257,
              53.0919686
            ],
            [
              -115.3459133,
              52.9953698
            ],
            [
              -115.367886,
              52.9366444
            ],
            [
              -115.34454,
              52.9225716
            ],
            [
              -115.3225674,
              52.8761817
            ],
            [
              -115.3829922,
              52.8513095
            ],
            [
              -115.495602,
              52.8504802
            ],
            [
              -115.5754866,
              52.9149321
            ],
            [
              -115.8185591,
              52.9157602
            ],
            [
              -115.89821,
              52.8610725
            ],
            [
              -116.4887251,
              52.8610725
            ],
            [
              -116.4777388,
              52.7946919
            ],
            [
              -116.785356,
              52.7814036
            ],
            [
              -116.8347944,
              52.6882718
            ],
            [
              -116.8842329,
              52.5281541
            ],
            [
              -116.8622603,
              52.4746514
            ],
            [
              -116.9611372,
              52.4135454
            ]
          ],
          [
            [
              -113.5212657,
              52.9104518
            ],
            [
              -113.5425517,
              52.9034117
            ],
            [
              -113.5617778,
              52.9083813
            ],
            [
              -113.5693309,
              52.9050683
            ],
            [
              -113.5803172,
              52.9075531
            ],
            [
              -113.6112163,
              52.9075531
            ],
            [
              -113.6331889,
              52.9125222
            ],
            [
              -113.6318156,
              52.843732
            ],
            [
              -113.5487315,
              52.8433173
            ],
            [
              -113.5480449,
              52.8279695
            ],
            [
              -113.5260722,
              52.8275546
            ],
            [
              -113.5260722,
              52.8205011
            ],
            [
              -113.5116527,
              52.8200861
            ],
            [
              -113.510966,
              52.8113712
            ],
            [
              -113.4773204,
              52.8113712
            ],
            [
              -113.4738872,
              52.8246504
            ],
            [
              -113.456721,
              52.8246504
            ],
            [
              -113.501353,
              52.7781556
            ],
            [
              -113.4855601,
              52.7777402
            ],
            [
              -113.4889934,
              52.7187195
            ],
            [
              -113.4622142,
              52.7199672
            ],
            [
              -113.4629008,
              52.7112323
            ],
            [
              -113.3880565,
              52.7104003
            ],
            [
              -113.3894298,
              52.740342
            ],
            [
              -113.3612773,
              52.7407577
            ],
            [
              -113.3413646,
              52.7415891
            ],
            [
              -113.3351848,
              52.7370161
            ],
            [
              -113.3090922,
              52.7374319
            ],
            [
              -113.2781932,
              52.7295321
            ],
            [
              -113.2548473,
              52.7320269
            ],
            [
              -113.2280681,
              52.7395105
            ],
            [
              -113.251414,
              52.7474086
            ],
            [
              -113.2493541,
              52.7611228
            ],
            [
              -113.2932994,
              52.775248
            ],
            [
              -113.3063457,
              52.785216
            ],
            [
              -113.3001659,
              52.7964273
            ],
            [
              -113.2953593,
              52.8138614
            ],
            [
              -113.3015391,
              52.8308736
            ],
            [
              -113.2926128,
              52.8317032
            ],
            [
              -113.2926128,
              52.8449762
            ],
            [
              -113.4134624,
              52.843732
            ],
            [
              -113.4134624,
              52.9315653
            ],
            [
              -113.501353,
              52.9323931
            ],
            [
              -113.5006663,
              52.9013409
            ],
            [
              -113.522639,
              52.9017551
            ],
            [
              -113.5212657,
              52.9104518
            ]
          ]
        ]
      }
    },
    {
      "type": "Feature",
      "properties": {
        "name": "Rocky View Bighorn",
        "description": "South",
        "Cluster ID": "Unit 47",
        "Milestone": "IPG",
        "Geographic Area": "3836.0",
        "General Population": "195000.0",
        "Children 0 to 11": "2.0",
        "Junior Youth 12 to 14": "6.0",
        "Youth 15 to 20": "6.0",
        "Adult Men": "17.0",
        "Adult Women": "30.0",
        "Total": "61.0"
      },
      "geometry": {
        "type": "Polygon",
        "coordinates": [
          [
            [
              -114.5589596,
              50.9213926
            ],
            [
              -114.3082351,
              50.8880235
            ],
            [
              -114.1183313,
              50.8487005
            ],
            [
              -114.1448515,
              50.9274348
            ],
            [
              -114.5609895,
              50.9248378
            ],
            [
              -114.5616763,
              51.0121917
            ],
            [
              -114.2471692,
              51.0126238
            ],
            [
              -114.2274534,
              51.0144352
            ],
            [
              -114.2261351,
              51.0664712
            ],
            [
              -114.2807235,
              51.0897663
            ],
            [
              -114.2608108,
              51.1020562
            ],
            [
              -114.2611541,
              51.1561363
            ],
            [
              -114.1873397,
              51.1561363
            ],
            [
              -114.1876831,
              51.2133791
            ],
            [
              -114.0239182,
              51.212949
            ],
            [
              -114.024948,
              51.183045
            ],
            [
              -113.8762893,
              51.1834756
            ],
            [
              -113.8759456,
              50.9128186
            ],
            [
              -113.9065013,
              50.9130351
            ],
            [
              -113.9044412,
              50.8478336
            ],
            [
              -113.5941236,
              50.8151959
            ],
            [
              -113.5927507,
              51.0618298
            ],
            [
              -113.2521749,
              51.3037228
            ],
            [
              -113.0736471,
              51.303723
            ],
            [
              -113.0681543,
              51.4990599
            ],
            [
              -113.2356958,
              51.5076081
            ],
            [
              -113.2332126,
              51.8264984
            ],
            [
              -113.2332127,
              51.8884149
            ],
            [
              -114.9827856,
              51.9002783
            ],
            [
              -115.1091284,
              51.8731544
            ],
            [
              -115.0541965,
              51.7610954
            ],
            [
              -114.971799,
              51.6828289
            ],
            [
              -115.6639376,
              51.6828284
            ],
            [
              -115.9111302,
              51.7916841
            ],
            [
              -115.9440893,
              51.8663702
            ],
            [
              -116.0869118,
              51.9036667
            ],
            [
              -116.3341039,
              51.7984784
            ],
            [
              -116.4659404,
              52.1099325
            ],
            [
              -116.5318585,
              52.1840903
            ],
            [
              -116.7790511,
              52.2648487
            ],
            [
              -116.9611904,
              52.4135465
            ],
            [
              -117.1603177,
              52.4838527
            ],
            [
              -117.2317288,
              52.4453655
            ],
            [
              -117.0641871,
              52.322148
            ],
            [
              -117.1232385,
              52.2524242
            ],
            [
              -117.3113792,
              52.1649044
            ],
            [
              -117.3102516,
              52.0699422
            ],
            [
              -117.2498268,
              52.0513667
            ],
            [
              -117.2196143,
              52.0327836
            ],
            [
              -117.2443334,
              52.0125024
            ],
            [
              -117.2031347,
              51.976988
            ],
            [
              -117.1427099,
              51.9702202
            ],
            [
              -117.0191135,
              51.8855359
            ],
            [
              -117.035593,
              51.8584031
            ],
            [
              -116.9861544,
              51.8346485
            ],
            [
              -116.9998873,
              51.8142776
            ],
            [
              -116.9614351,
              51.7921985
            ],
            [
              -116.9724214,
              51.7650095
            ],
            [
              -116.9147431,
              51.6986676
            ],
            [
              -116.7993865,
              51.7037742
            ],
            [
              -116.8158661,
              51.7327013
            ],
            [
              -116.7472017,
              51.8040887
            ],
            [
              -116.6757905,
              51.8091836
            ],
            [
              -116.6483247,
              51.7769069
            ],
            [
              -116.6318451,
              51.7344024
            ],
            [
              -116.5878998,
              51.7105826
            ],
            [
              -116.6016326,
              51.6629048
            ],
            [
              -116.46705,
              51.5998254
            ],
            [
              -116.4780362,
              51.5759345
            ],
            [
              -116.3819058,
              51.5451992
            ],
            [
              -116.3956387,
              51.5161525
            ],
            [
              -116.3516934,
              51.4734029
            ],
            [
              -116.2857752,
              51.447734
            ],
            [
              -116.3187342,
              51.3826412
            ],
            [
              -116.2802819,
              51.367211
            ],
            [
              -116.2967614,
              51.3431979
            ],
            [
              -116.2473228,
              51.2934166
            ],
            [
              -116.167672,
              51.3002863
            ],
            [
              -116.1594322,
              51.2659281
            ],
            [
              -116.0633017,
              51.2367035
            ],
            [
              -116.0083701,
              51.2212241
            ],
            [
              -116.0330891,
              51.1661439
            ],
            [
              -116.0083699,
              51.1247907
            ],
            [
              -115.8985065,
              51.0834003
            ],
            [
              -115.7584307,
              51.0713212
            ],
            [
              -115.7749102,
              51.0540598
            ],
            [
              -115.7034991,
              51.0229731
            ],
            [
              -115.6430742,
              51.0022369
            ],
            [
              -115.5744094,
              50.896685
            ],
            [
              -115.6540604,
              50.872426
            ],
            [
              -115.6348341,
              50.8342794
            ],
            [
              -115.5936355,
              50.8481546
            ],
            [
              -115.5716628,
              50.8238705
            ],
            [
              -115.4865186,
              50.7544175
            ],
            [
              -115.4343335,
              50.7544176
            ],
            [
              -115.4151074,
              50.7092179
            ],
            [
              -115.3162305,
              50.7283462
            ],
            [
              -115.2777782,
              50.6517861
            ],
            [
              -115.3162302,
              50.6326266
            ],
            [
              -115.2365793,
              50.5838217
            ],
            [
              -115.2310862,
              50.5402031
            ],
            [
              -115.1926339,
              50.5227443
            ],
            [
              -115.1789011,
              50.5559105
            ],
            [
              -115.0855173,
              50.5855657
            ],
            [
              -115.0195994,
              50.5803339
            ],
            [
              -114.9069892,
              50.4475983
            ],
            [
              -114.8630439,
              50.4301053
            ],
            [
              -114.8740301,
              50.3986015
            ],
            [
              -114.8328314,
              50.3898468
            ],
            [
              -114.76966,
              50.3495541
            ],
            [
              -114.7998724,
              50.3285182
            ],
            [
              -114.7504337,
              50.2951924
            ],
            [
              -114.7833927,
              50.2530632
            ],
            [
              -114.7312075,
              50.1810063
            ],
            [
              -114.7339539,
              50.1194082
            ],
            [
              -114.4730286,
              50.1070792
            ],
            [
              -114.4153506,
              50.2267138
            ],
            [
              -114.5142278,
              50.3337783
            ],
            [
              -114.5719062,
              50.4108557
            ],
            [
              -114.6213449,
              50.527983
            ],
            [
              -114.6872628,
              50.5751016
            ],
            [
              -114.8486163,
              50.7752362
            ],
            [
              -114.5589596,
              50.9213926
            ]
          ],
          [
            [
              -114.8471933,
              50.7805443
            ],
            [
              -114.8494589,
              50.7764206
            ],
            [
              -114.8486163,
              50.7752362
            ],
            [
              -114.8471933,
              50.7805443
            ]
          ],
          [
            [
              -115.0351516,
              51.0698126
            ],
            [
              -115.0187602,
              51.0656063
            ],
            [
              -115.0153806,
              51.0548743
            ],
            [
              -114.9782817,
              51.0684798
            ],
            [
              -114.978012,
              51.0604365
            ],
            [
              -114.9622937,
              51.0600528
            ],
            [
              -114.953688,
              51.0643552
            ],
            [
              -114.94403,
              51.0648677
            ],
            [
              -114.9219593,
              51.0779378
            ],
            [
              -114.8771473,
              51.0798534
            ],
            [
              -114.8457354,
              51.0778038
            ],
            [
              -114.8366522,
              51.0599599
            ],
            [
              -114.7960731,
              51.0513097
            ],
            [
              -114.7797728,
              51.0506904
            ],
            [
              -114.7664049,
              51.0579233
            ],
            [
              -114.733887,
              51.045499
            ],
            [
              -114.7226768,
              51.05252
            ],
            [
              -114.7229243,
              51.0666387
            ],
            [
              -114.7922679,
              51.0666281
            ],
            [
              -114.7912199,
              51.0943235
            ],
            [
              -114.8145357,
              51.094609
            ],
            [
              -114.8140394,
              51.110532
            ],
            [
              -114.8448946,
              51.1103691
            ],
            [
              -114.6653118,
              51.1659827
            ],
            [
              -114.6431807,
              51.1666908
            ],
            [
              -114.6409635,
              51.1618
            ],
            [
              -114.6294844,
              51.1616816
            ],
            [
              -114.6179493,
              51.1690532
            ],
            [
              -114.559914,
              51.1689112
            ],
            [
              -114.560429,
              51.183441
            ],
            [
              -114.5135618,
              51.1838713
            ],
            [
              -114.5144201,
              51.1929107
            ],
            [
              -114.5271135,
              51.1975374
            ],
            [
              -114.5600767,
              51.1981298
            ],
            [
              -114.5593993,
              51.2122725
            ],
            [
              -114.5827775,
              51.2145354
            ],
            [
              -114.5946279,
              51.2144443
            ],
            [
              -114.6032982,
              51.2110628
            ],
            [
              -114.6146688,
              51.2123818
            ],
            [
              -114.6510807,
              51.2121789
            ],
            [
              -114.6516014,
              51.2056207
            ],
            [
              -114.6640484,
              51.2051382
            ],
            [
              -114.6642627,
              51.212962
            ],
            [
              -114.6757004,
              51.2123563
            ],
            [
              -114.6748948,
              51.1980714
            ],
            [
              -114.6875374,
              51.1975982
            ],
            [
              -114.6874761,
              51.1913157
            ],
            [
              -114.6991902,
              51.2067211
            ],
            [
              -114.6975157,
              51.2080373
            ],
            [
              -114.6993171,
              51.2113157
            ],
            [
              -114.7373083,
              51.2124893
            ],
            [
              -114.7551076,
              51.2265727
            ],
            [
              -114.7822322,
              51.2272176
            ],
            [
              -114.7714165,
              51.2072167
            ],
            [
              -114.7868673,
              51.1986116
            ],
            [
              -114.8048928,
              51.2273248
            ],
            [
              -114.8096999,
              51.2265721
            ],
            [
              -114.7928762,
              51.1972131
            ],
            [
              -114.8275116,
              51.1883655
            ],
            [
              -114.8543155,
              51.2020999
            ],
            [
              -114.89966,
              51.2242063
            ],
            [
              -114.9783661,
              51.1993701
            ],
            [
              -114.9783343,
              51.2711602
            ],
            [
              -115.021593,
              51.2707306
            ],
            [
              -115.0288077,
              51.2554863
            ],
            [
              -115.0496065,
              51.2443992
            ],
            [
              -115.1081103,
              51.240649
            ],
            [
              -115.1137351,
              51.2325875
            ],
            [
              -115.1218433,
              51.1619146
            ],
            [
              -115.0886762,
              51.1564227
            ],
            [
              -115.1024051,
              51.1455416
            ],
            [
              -115.0617646,
              51.0974752
            ],
            [
              -115.0614291,
              51.0830398
            ],
            [
              -115.0456138,
              51.0812732
            ],
            [
              -115.0308505,
              51.0773705
            ],
            [
              -115.0351516,
              51.0698126
            ]
          ]
        ]
      }
    },
    {
      "type": "Feature",
      "properties": {
        "name": "Tsuu T'ina Nation",
        "description": "Cluster ID: Unit 47<br>description: <br>Milestone: Indigenous<br>Geographic Area: 295<br>General Population: 2089<br>Children 0 to 11: 0<br>Junior Youth 12 to 14: 0<br>Youth 15 to 20: 0<br>Adult Men: 1<br>Adult Women: 0<br>Total: 1",
        "Cluster ID": "Unit 47",
        "Milestone": "Indigenous",
        "Geographic Area": "295.0",
        "General Population": "2089.0",
        "Children 0 to 11": "0.0",
        "Junior Youth 12 to 14": "0.0",
        "Youth 15 to 20": "0.0",
        "Adult Men": "1.0",
        "Adult Women": "0.0",
        "Total": "1.0"
      },
      "geometry": {
        "type": "Polygon",
        "coordinates": [
          [
            [
              -114.144157,
              50.9274464
            ],
            [
              -114.1725099,
              51.0010522
            ],
            [
              -114.2267589,
              51.0144467
            ],
            [
              -114.2464747,
              51.0126353
            ],
            [
              -114.5609819,
              51.0122033
            ],
            [
              -114.5602952,
              50.9248494
            ],
            [
              -114.144157,
              50.9274464
            ]
          ]
        ]
      }
    },
    {
      "type": "Feature",
      "properties": {
        "name": "Foothills",
        "description": "South",
        "Cluster ID": "Unit 47",
        "Milestone": "IPG",
        "Geographic Area": "3643.0",
        "General Population": "70797.0",
        "Children 0 to 11": "0.0",
        "Junior Youth 12 to 14": "4.0",
        "Youth 15 to 20": "3.0",
        "Adult Men": "14.0",
        "Adult Women": "11.0",
        "Total": "32.0"
      },
      "geometry": {
        "type": "Polygon",
        "coordinates": [
          [
            [
              -113.5317384,
              50.7964522
            ],
            [
              -113.5940735,
              50.8151924
            ],
            [
              -113.904391,
              50.8478303
            ],
            [
              -114.1182811,
              50.8486974
            ],
            [
              -114.3282424,
              50.8891887
            ],
            [
              -114.5589092,
              50.9213898
            ],
            [
              -114.8465149,
              50.7717883
            ],
            [
              -114.6872131,
              50.5750989
            ],
            [
              -114.6212952,
              50.5279803
            ],
            [
              -114.5718567,
              50.4108529
            ],
            [
              -114.5141785,
              50.3337755
            ],
            [
              -114.4153015,
              50.226711
            ],
            [
              -114.4729797,
              50.1070764
            ],
            [
              -114.733905,
              50.1194056
            ],
            [
              -114.6921645,
              50.0694956
            ],
            [
              -114.6784316,
              50.0642066
            ],
            [
              -114.6660719,
              50.0686142
            ],
            [
              -114.6619521,
              50.0597986
            ],
            [
              -114.675685,
              50.0465723
            ],
            [
              -114.6578322,
              50.0236379
            ],
            [
              -114.6688185,
              50.0015754
            ],
            [
              -114.6495925,
              49.9945132
            ],
            [
              -114.6564589,
              49.9680208
            ],
            [
              -114.6825514,
              49.9671375
            ],
            [
              -114.6949111,
              49.9441653
            ],
            [
              -114.6880446,
              49.9194136
            ],
            [
              -114.6921645,
              49.89288
            ],
            [
              -114.6729384,
              49.8813775
            ],
            [
              -114.6729384,
              49.8645613
            ],
            [
              -114.6592055,
              49.8583643
            ],
            [
              -114.6400309,
              49.8300628
            ],
            [
              -114.645524,
              49.8194314
            ],
            [
              -114.6372843,
              49.7848633
            ],
            [
              -114.6434641,
              49.7746654
            ],
            [
              -114.1257334,
              49.765796
            ],
            [
              -113.3443308,
              49.9671748
            ],
            [
              -113.4014149,
              50.0915753
            ],
            [
              -113.4343738,
              50.1413289
            ],
            [
              -113.4796924,
              50.2090514
            ],
            [
              -113.4590931,
              50.2468287
            ],
            [
              -113.5263843,
              50.3336907
            ],
            [
              -113.5991688,
              50.3915106
            ],
            [
              -113.5744495,
              50.4090179
            ],
            [
              -113.5991688,
              50.4413893
            ],
            [
              -113.5675831,
              50.4754865
            ],
            [
              -113.5717029,
              50.5523337
            ],
            [
              -113.5263843,
              50.5566962
            ],
            [
              -113.5317384,
              50.7964522
            ]
          ]
        ]
      }
    },
    {
      "type": "Feature",
      "properties": {
        "name": "Crowsnest",
        "description": "South",
        "Cluster ID": "Unit 48",
        "Milestone": "IPG",
        "Geographic Area": "24275.0",
        "General Population": "160728.0",
        "Children 0 to 11": "2.0",
        "Junior Youth 12 to 14": "2.0",
        "Youth 15 to 20": "1.0",
        "Adult Men": "39.0",
        "Adult Women": "56.0",
        "Total": "100.0"
      },
      "geometry": {
        "type": "Polygon",
        "coordinates": [
          [
            [
              -114.0700636,
              48.9982553
            ],
            [
              -111.2026369,
              48.9974064
            ],
            [
              -111.2108766,
              49.2131788
            ],
            [
              -111.4278566,
              49.2185611
            ],
            [
              -111.4223634,
              49.2992252
            ],
            [
              -111.7876588,
              49.2992252
            ],
            [
              -111.7711793,
              49.554683
            ],
            [
              -112.1749269,
              49.5885248
            ],
            [
              -112.4825441,
              49.7254333
            ],
            [
              -112.4839174,
              49.7653663
            ],
            [
              -112.61438,
              49.7378604
            ],
            [
              -112.6075136,
              49.8787739
            ],
            [
              -112.7613222,
              49.8796588
            ],
            [
              -112.7613222,
              49.9230015
            ],
            [
              -112.6665651,
              49.9230015
            ],
            [
              -112.496277,
              49.9645385
            ],
            [
              -112.4935304,
              50.1778433
            ],
            [
              -112.1172487,
              50.1760843
            ],
            [
              -112.1199953,
              50.2481487
            ],
            [
              -112.0568239,
              50.2815075
            ],
            [
              -112.0458375,
              50.4601922
            ],
            [
              -112.2023927,
              50.4112085
            ],
            [
              -112.3012697,
              50.4182092
            ],
            [
              -112.378174,
              50.4864126
            ],
            [
              -112.4097597,
              50.6077108
            ],
            [
              -112.5198745,
              50.6939368
            ],
            [
              -112.8286134,
              50.6782516
            ],
            [
              -112.9274904,
              50.6138111
            ],
            [
              -113.2048952,
              50.709569
            ],
            [
              -113.3202516,
              50.8242208
            ],
            [
              -113.4328615,
              50.8276907
            ],
            [
              -113.5317384,
              50.7964522
            ],
            [
              -113.5263843,
              50.5566962
            ],
            [
              -113.5717029,
              50.5523337
            ],
            [
              -113.5675831,
              50.4754865
            ],
            [
              -113.5991688,
              50.4413893
            ],
            [
              -113.5744495,
              50.4090179
            ],
            [
              -113.5991688,
              50.3915106
            ],
            [
              -113.5263843,
              50.3336907
            ],
            [
              -113.4590931,
              50.2468287
            ],
            [
              -113.4796924,
              50.2090514
            ],
            [
              -113.4014149,
              50.0915753
            ],
            [
              -113.3443308,
              49.9671748
            ],
            [
              -114.1257334,
              49.765796
            ],
            [
              -114.6434641,
              49.7746654
            ],
            [
              -114.6447368,
              49.7727085
            ],
            [
              -114.6529765,
              49.7673868
            ],
            [
              -114.658813,
              49.7649475
            ],
            [
              -114.6581263,
              49.7600685
            ],
            [
              -114.6516032,
              49.758516
            ],
            [
              -114.6502299,
              49.7556326
            ],
            [
              -114.6416468,
              49.7472034
            ],
            [
              -114.6467967,
              49.7432101
            ],
            [
              -114.6423335,
              49.7398821
            ],
            [
              -114.6378703,
              49.7387727
            ],
            [
              -114.6337504,
              49.7330034
            ],
            [
              -114.6399302,
              49.7252361
            ],
            [
              -114.636497,
              49.7225727
            ],
            [
              -114.6385569,
              49.7181334
            ],
            [
              -114.6443934,
              49.7168015
            ],
            [
              -114.6478267,
              49.7134717
            ],
            [
              -114.6695052,
              49.7031827
            ],
            [
              -114.6791182,
              49.6956327
            ],
            [
              -114.6715651,
              49.6911909
            ],
            [
              -114.6667586,
              49.6774189
            ],
            [
              -114.6708785,
              49.671198
            ],
            [
              -114.6557723,
              49.662754
            ],
            [
              -114.6660719,
              49.6400815
            ],
            [
              -114.675685,
              49.6463064
            ],
            [
              -114.6791182,
              49.6414155
            ],
            [
              -114.696971,
              49.6316322
            ],
            [
              -114.7004042,
              49.6383028
            ],
            [
              -114.7072707,
              49.6374135
            ],
            [
              -114.7079573,
              49.6311875
            ],
            [
              -114.7168837,
              49.630298
            ],
            [
              -114.7223769,
              49.624071
            ],
            [
              -114.7457228,
              49.618733
            ],
            [
              -114.7491561,
              49.6098351
            ],
            [
              -114.7388564,
              49.5987103
            ],
            [
              -114.7313033,
              49.5764532
            ],
            [
              -114.7141371,
              49.5653209
            ],
            [
              -114.6949111,
              49.5461673
            ],
            [
              -114.6839247,
              49.5559677
            ],
            [
              -114.6605788,
              49.5510678
            ],
            [
              -114.6509657,
              49.5430486
            ],
            [
              -114.61938,
              49.5457218
            ],
            [
              -114.5946608,
              49.5671022
            ],
            [
              -114.5740614,
              49.5555223
            ],
            [
              -114.5740614,
              49.522549
            ],
            [
              -114.5946608,
              49.5047164
            ],
            [
              -114.6042738,
              49.4547504
            ],
            [
              -114.5960341,
              49.3957964
            ],
            [
              -114.5823012,
              49.3886456
            ],
            [
              -114.5713149,
              49.3752352
            ],
            [
              -114.534236,
              49.3752352
            ],
            [
              -114.524623,
              49.3555599
            ],
            [
              -114.4957839,
              49.3510871
            ],
            [
              -114.4779311,
              49.3349818
            ],
            [
              -114.4902907,
              49.324242
            ],
            [
              -114.4889174,
              49.3117093
            ],
            [
              -114.4600783,
              49.3036509
            ],
            [
              -114.449092,
              49.28753
            ],
            [
              -114.449092,
              49.2660274
            ],
            [
              -114.4065199,
              49.2597541
            ],
            [
              -114.3763075,
              49.2463084
            ],
            [
              -114.4010268,
              49.2418258
            ],
            [
              -114.3982802,
              49.223891
            ],
            [
              -114.4024001,
              49.2095384
            ],
            [
              -114.3557082,
              49.1924894
            ],
            [
              -114.317256,
              49.2014633
            ],
            [
              -114.2801772,
              49.1781277
            ],
            [
              -114.2211257,
              49.1871042
            ],
            [
              -114.2128859,
              49.17723
            ],
            [
              -114.1785536,
              49.1691496
            ],
            [
              -114.156581,
              49.1449004
            ],
            [
              -114.166194,
              49.1359163
            ],
            [
              -114.1510878,
              49.1152465
            ],
            [
              -114.1552077,
              49.1026607
            ],
            [
              -114.100276,
              49.059485
            ],
            [
              -114.0824233,
              49.0585851
            ],
            [
              -114.0645705,
              49.0468851
            ],
            [
              -114.0549574,
              49.0225761
            ],
            [
              -114.0728102,
              49.0054627
            ],
            [
              -114.0700636,
              48.9982553
            ]
          ],
          [
            [
              -113.8091384,
              49.5430486
            ],
            [
              -113.798152,
              49.4788475
            ],
            [
              -113.5207472,
              49.4788475
            ],
            [
              -113.5262404,
              49.6978534
            ],
            [
              -113.7706862,
              49.7014063
            ],
            [
              -113.7761794,
              49.6196228
            ],
            [
              -113.7322341,
              49.5911441
            ],
            [
              -113.7761794,
              49.5430486
            ],
            [
              -113.8091384,
              49.5430486
            ]
          ],
          [
            [
              -113.5564528,
              49.2839469
            ],
            [
              -113.6003981,
              49.2463084
            ],
            [
              -113.6388503,
              49.2337559
            ],
            [
              -113.6388503,
              49.2032579
            ],
            [
              -113.312007,
              49.1942843
            ],
            [
              -113.2405959,
              49.214024
            ],
            [
              -113.2680617,
              49.2606503
            ],
            [
              -113.0895339,
              49.3537708
            ],
            [
              -113.0208693,
              49.3662928
            ],
            [
              -113.0071364,
              49.4109883
            ],
            [
              -113.0291091,
              49.4181358
            ],
            [
              -112.9796706,
              49.4859851
            ],
            [
              -112.825862,
              49.5448307
            ],
            [
              -112.8670607,
              49.5893636
            ],
            [
              -112.9906569,
              49.6818619
            ],
            [
              -112.9714308,
              49.7369215
            ],
            [
              -113.0373488,
              49.7865992
            ],
            [
              -113.127986,
              49.7351464
            ],
            [
              -113.1884108,
              49.7262697
            ],
            [
              -113.193904,
              49.683639
            ],
            [
              -113.2955275,
              49.6463064
            ],
            [
              -113.3175002,
              49.630298
            ],
            [
              -113.2378493,
              49.5875831
            ],
            [
              -113.279048,
              49.5323542
            ],
            [
              -113.279048,
              49.5002572
            ],
            [
              -113.3339797,
              49.4609989
            ],
            [
              -113.3394728,
              49.4342138
            ],
            [
              -113.4493361,
              49.3770234
            ],
            [
              -113.5537062,
              49.3466139
            ],
            [
              -113.581172,
              49.3143951
            ],
            [
              -113.5564528,
              49.2839469
            ]
          ]
        ]
      }
    },
    {
      "type": "Feature",
      "properties": {
        "name": "Blood Tribe",
        "description": "Cluster ID: Unit 48<br>description: <br>Milestone: Indigenous<br>Geographic Area: 1413<br>General Population: 8517<br>Children 0 to 11: 0<br>Junior Youth 12 to 14: 0<br>Youth 15 to 20: 0<br>Adult Men: 2<br>Adult Women: 8<br>Total: 10",
        "Cluster ID": "Unit 48",
        "Milestone": "Indigenous",
        "Geographic Area": "1413.0",
        "General Population": "8517.0",
        "Children 0 to 11": "0.0",
        "Junior Youth 12 to 14": "0.0",
        "Youth 15 to 20": "0.0",
        "Adult Men": "2.0",
        "Adult Women": "8.0",
        "Total": "10.0"
      },
      "geometry": {
        "type": "Polygon",
        "coordinates": [
          [
            [
              -113.6388503,
              49.2032579
            ],
            [
              -113.312007,
              49.1942843
            ],
            [
              -113.2405959,
              49.214024
            ],
            [
              -113.2680617,
              49.2606503
            ],
            [
              -113.0895339,
              49.3537708
            ],
            [
              -113.0208693,
              49.3662928
            ],
            [
              -113.0071364,
              49.4109883
            ],
            [
              -113.0291091,
              49.4181358
            ],
            [
              -112.9796706,
              49.4859851
            ],
            [
              -112.825862,
              49.5448307
            ],
            [
              -112.8670607,
              49.5893636
            ],
            [
              -112.9906569,
              49.6818619
            ],
            [
              -112.9714308,
              49.7369215
            ],
            [
              -113.0373488,
              49.7865992
            ],
            [
              -113.127986,
              49.7351464
            ],
            [
              -113.1884108,
              49.7262697
            ],
            [
              -113.193904,
              49.683639
            ],
            [
              -113.2955275,
              49.6463064
            ],
            [
              -113.3175002,
              49.630298
            ],
            [
              -113.2378493,
              49.5875831
            ],
            [
              -113.279048,
              49.5323542
            ],
            [
              -113.279048,
              49.5002572
            ],
            [
              -113.3339797,
              49.4609989
            ],
            [
              -113.3394728,
              49.4342138
            ],
            [
              -113.4493361,
              49.3770234
            ],
            [
              -113.5537062,
              49.3466139
            ],
            [
              -113.581172,
              49.3143951
            ],
            [
              -113.5564528,
              49.2839469
            ],
            [
              -113.6003981,
              49.2463084
            ],
            [
              -113.6388503,
              49.2337559
            ],
            [
              -113.6388503,
              49.2032579
            ]
          ]
        ]
      }
    },
    {
      "type": "Feature",
      "properties": {
        "name": "Piikani",
        "description": "Cluster ID: Unit 48<br>description: <br>Milestone: Indigenous<br>Geographic Area: 456<br>General Population: 2451<br>Children 0 to 11: 0<br>Junior Youth 12 to 14: 0<br>Youth 15 to 20: 0<br>Adult Men: 11<br>Adult Women: 20<br>Total: 31",
        "Cluster ID": "Unit 48",
        "Milestone": "Indigenous",
        "Geographic Area": "456.0",
        "General Population": "2451.0",
        "Children 0 to 11": "0.0",
        "Junior Youth 12 to 14": "0.0",
        "Youth 15 to 20": "0.0",
        "Adult Men": "11.0",
        "Adult Women": "20.0",
        "Total": "31.0"
      },
      "geometry": {
        "type": "Polygon",
        "coordinates": [
          [
            [
              -113.5207472,
              49.4788475
            ],
            [
              -113.5262404,
              49.6978534
            ],
            [
              -113.7706862,
              49.7014063
            ],
            [
              -113.7761794,
              49.6196228
            ],
            [
              -113.7322341,
              49.5911441
            ],
            [
              -113.7761794,
              49.5430486
            ],
            [
              -113.8091384,
              49.5430486
            ],
            [
              -113.798152,
              49.4788475
            ],
            [
              -113.5207472,
              49.4788475
            ]
          ]
        ]
      }
    },
    {
      "type": "Feature",
      "properties": {
        "name": "Cyprus Hills",
        "description": "South",
        "Cluster ID": "Unit 48",
        "Milestone": "PG",
        "Geographic Area": "35060.0",
        "General Population": "134972.0",
        "Children 0 to 11": "0.0",
        "Junior Youth 12 to 14": "0.0",
        "Youth 15 to 20": "0.0",
        "Adult Men": "15.0",
        "Adult Women": "12.0",
        "Total": "27.0"
      },
      "geometry": {
        "type": "Polygon",
        "coordinates": [
          [
            [
              -111.2026369,
              48.9974064
            ],
            [
              -110.0025196,
              48.9924479
            ],
            [
              -110.0038094,
              50.8373793
            ],
            [
              -110.0834603,
              50.8018078
            ],
            [
              -110.0601143,
              50.7488343
            ],
            [
              -110.1150459,
              50.8122218
            ],
            [
              -110.1177925,
              50.8616564
            ],
            [
              -110.3361458,
              50.858189
            ],
            [
              -110.4569954,
              50.8148249
            ],
            [
              -110.5517525,
              50.797468
            ],
            [
              -110.8731026,
              50.8243685
            ],
            [
              -110.8950752,
              50.8330427
            ],
            [
              -110.988459,
              50.831308
            ],
            [
              -111.2631172,
              50.8659902
            ],
            [
              -111.5103096,
              51.0424688
            ],
            [
              -111.5377754,
              51.1941866
            ],
            [
              -111.8289131,
              51.2698588
            ],
            [
              -111.8673653,
              51.1528584
            ],
            [
              -112.1419679,
              51.1492662
            ],
            [
              -112.1474611,
              51.0250496
            ],
            [
              -112.6253664,
              51.0215944
            ],
            [
              -112.6308595,
              50.8103386
            ],
            [
              -112.4951553,
              50.7912676
            ],
            [
              -112.4979019,
              50.7443655
            ],
            [
              -112.5555801,
              50.7408894
            ],
            [
              -112.5198745,
              50.7113321
            ],
            [
              -112.5198745,
              50.6939368
            ],
            [
              -112.4097597,
              50.6077108
            ],
            [
              -112.378174,
              50.4864126
            ],
            [
              -112.3012697,
              50.4182092
            ],
            [
              -112.2023927,
              50.4112085
            ],
            [
              -112.0458375,
              50.4601922
            ],
            [
              -112.0568239,
              50.2815075
            ],
            [
              -112.1199953,
              50.2481487
            ],
            [
              -112.1172487,
              50.1760843
            ],
            [
              -112.4935304,
              50.1778433
            ],
            [
              -112.496277,
              49.9645385
            ],
            [
              -112.6665651,
              49.9230015
            ],
            [
              -112.7613222,
              49.9230015
            ],
            [
              -112.7613222,
              49.8796588
            ],
            [
              -112.6075136,
              49.8787739
            ],
            [
              -112.61438,
              49.7378604
            ],
            [
              -112.4839174,
              49.7653663
            ],
            [
              -112.4825441,
              49.7254333
            ],
            [
              -112.1749269,
              49.5885248
            ],
            [
              -111.7711793,
              49.554683
            ],
            [
              -111.7876588,
              49.2992252
            ],
            [
              -111.4223634,
              49.2992252
            ],
            [
              -111.4278566,
              49.2185611
            ],
            [
              -111.2108766,
              49.2131788
            ],
            [
              -111.2026369,
              48.9974064
            ]
          ]
        ]
      }
    },
    {
      "type": "Feature",
      "properties": {
        "name": "Edmonton",
        "description": "North",
        "Cluster ID": "Unit 49",
        "Milestone": "IPG Embracing Large Numbers",
        "Geographic Area": "684.0",
        "General Population": "1010899.0",
        "Children 0 to 11": "33.0",
        "Junior Youth 12 to 14": "22.0",
        "Youth 15 to 20": "28.0",
        "Adult Men": "215.0",
        "Adult Women": "239.0",
        "Total": "537.0"
      },
      "geometry": {
        "type": "Polygon",
        "coordinates": [
          [
            [
              -113.518719,
              53.6571267
            ],
            [
              -113.6725276,
              53.5870788
            ],
            [
              -113.6670344,
              53.473616
            ],
            [
              -113.5324519,
              53.3975322
            ],
            [
              -113.4157221,
              53.4008074
            ],
            [
              -113.3292048,
              53.4621712
            ],
            [
              -113.3360713,
              53.5968599
            ],
            [
              -113.3910029,
              53.641661
            ],
            [
              -113.518719,
              53.6571267
            ]
          ]
        ]
      }
    },
    {
      "type": "Feature",
      "properties": {
        "name": "Calgary",
        "description": "South",
        "Cluster ID": "Unit 50",
        "Milestone": "IPG Embracing Large Numbers",
        "Geographic Area": "825.0",
        "General Population": "1306784.0",
        "Children 0 to 11": "60.0",
        "Junior Youth 12 to 14": "18.0",
        "Youth 15 to 20": "57.0",
        "Adult Men": "338.0",
        "Adult Women": "353.0",
        "Total": "826.0"
      },
      "geometry": {
        "type": "Polygon",
        "coordinates": [
          [
            [
              -114.1182811,
              50.8486974
            ],
            [
              -113.904391,
              50.8478303
            ],
            [
              -113.906451,
              50.9130318
            ],
            [
              -113.8758953,
              50.9128153
            ],
            [
              -113.8762386,
              51.1834723
            ],
            [
              -114.003268,
              51.1828267
            ],
            [
              -114.0248973,
              51.1830419
            ],
            [
              -114.0238674,
              51.2129459
            ],
            [
              -114.1876323,
              51.2133761
            ],
            [
              -114.187289,
              51.1561333
            ],
            [
              -114.2611034,
              51.1561333
            ],
            [
              -114.2607601,
              51.1020532
            ],
            [
              -114.2806728,
              51.0897633
            ],
            [
              -114.2260845,
              51.0664681
            ],
            [
              -114.2253978,
              51.0109871
            ],
            [
              -114.1711528,
              50.9975926
            ],
            [
              -114.1182811,
              50.8486974
            ]
          ]
        ]
      }
    }
  ]
}